<databaseChangeLog
	xmlns="http://www.liquibase.org/xml/ns/dbchangelog"
	xmlns:xsi="http://www.w3.org/2001/XMLSchema-instance"
	xsi:schemaLocation="http://www.liquibase.org/xml/ns/dbchangelog
         http://www.liquibase.org/xml/ns/dbchangelog/dbchangelog-3.1.xsd">
	<changeSet id="01" author="rshtishi">

		<createTable tableName="recipe">
			<column name="id" type="int" autoIncrement="true">
				<constraints nullable="false" primaryKey="true" />
			</column>
			<column name="name" type="varchar(30)">
				<constraints nullable="false" />
			</column>
			<column name="description" type="varchar(200)">
				<constraints nullable="true" />
			</column>
		</createTable>

	</changeSet>
</databaseChangeLog>