<databaseChangeLog
	xmlns="http://www.liquibase.org/xml/ns/dbchangelog"
	xmlns:xsi="http://www.w3.org/2001/XMLSchema-instance"
	xsi:schemaLocation="http://www.liquibase.org/xml/ns/dbchangelog
         http://www.liquibase.org/xml/ns/dbchangelog/dbchangelog-3.1.xsd">
	<changeSet id="02" author="rshtishi">
		<insert tableName="recipe">
			<column name="id" valueNumeric="1" />
			<column name="name" value="Apple Pie" />
			<column name="description" value="Recipe for apple pie." />
		</insert>
		<insert tableName="recipe">
			<column name="id" valueNumeric="2" />
			<column name="name" value="Sushi" />
			<column name="description" value="Recipe for sushi." />
		</insert>
	</changeSet>
</databaseChangeLog>